{"_default": {"1": {"token": "fc890f71-65e6-4fa9-a01c-1b29fe8c27a0", "type": "demo_access"}, "2": {"token": "fc890f71-65e6-4fa9-a01c-1b29fe8c27a0", "type": "live_access"}, "3": {"token": "fc890f71-65e6-4fa9-a01c-1b29fe8c27a0", "type": "demo_access"}, "4": {"token": "fc890f71-65e6-4fa9-a01c-1b29fe8c27a0", "type": "live_access"}, "5": {"token": "fc890f71-65e6-4fa9-a01c-1b29fe8c27a0", "type": "demo_access"}, "6": {"token": "fc890f71-65e6-4fa9-a01c-1b29fe8c27a0", "type": "live_access"}, "7": {"token": "fc890f71-65e6-4fa9-a01c-1b29fe8c27a0", "type": "demo_access"}, "8": {"token": "fc890f71-65e6-4fa9-a01c-1b29fe8c27a0", "type": "live_access"}}}